BHL DOI	OTHER DOI	SCORE	BHL TITLE	OTHER TITLE
10.5962/bhl.part.2956		0	Sur divers Altisides du nord de l'Afrique avec description de plusieurs formes nouvelles	
10.5962/bhl.part.2957	10.3406/bsef.1911.28728	0.97	Description d'un Lycide nouveau de Nouvelle-Pomeraine (ancienne Nouvolle-Bretagne)	Description d’un Lycide nouveau de Nouvelle-Poméranie (ancienne Nouvelle-Bretagne) [Col.]
10.5962/bhl.part.2961	10.3406/bsef.1911.24843	1	Description d'un Meligethes et d'un Cryptarcha nouveaux de l'Afrique orientale	Description d’un Meligethes et d’un Cryptarcha nouveaux de l’Afrique orientale [Col. Nitidulidae]
10.5962/bhl.part.2958	10.3406/bsef.1911.24835	1	Deux nouvelles fourmis de Buenos-Ayres	Deux nouvelles fourmis de Buenos-Ayres [Hym. Formicidae]
10.5962/bhl.part.2962	10.3406/bsef.1911.24846	1	Sur une Cochenille nouvelle d'Algerie	Sur une Cochenille nouvelle d’Algérie [Hem. Coccidae]
10.5962/bhl.part.2963	10.3406/bsef.1911.24847	1	Description d'une espece nouvelle du genre Ischnopteryx Enderl	Description d’une espèce nouvelle du genre Ischnopteryx Enderl. [Lep. Phalaenidae]
10.5962/bhl.part.2964	10.3406/bsef.1911.24853	1	Description dun Aphodius nouveau de Russie	Description d’un Aphodius nouveau de Russie [Col. Scarabaeidae]
10.5962/bhl.part.2960	10.3406/bsef.1911.24842	0.97	Description d'un Lucanido nouveau	Description d’un Lucanide nouveau [Col.]
10.5962/bhl.part.2959	10.3406/bsef.1911.24841	1	Sur le genre Isotarsus Chaudoir, non La Ferté	Sur le genre Isotarsus Chaudoir, non La Ferté [Col. Carabidae, Panagaeini]
10.5962/bhl.part.2969	10.3406/bsef.1911.24891	1	Description de quelques espèces nouvelles de Callichroma du Brésil méridional (Col. Cerambycidae)	Description de quelques espèces nouvelles de Callichroma du Brésil méridional [Col. Cerambycidae]
10.5962/bhl.part.2974	10.3406/bsef.1911.24921	1	Description d'un Pseudomeloe nouveau du Perou et synonymie du P. sublaevis	Description d’un Pseudomeloe nouveau du Pérou et synonymie du P. sublaevis Fairm. [Col. Meloidae]
10.5962/bhl.part.2966	10.3406/bsef.1911.24864	0.9	Description d'une espèce nouvelle de Rosalia de Formose (Col., Cerambycidae)	Description d’une nouvelle espèce de Rosalia de Formose, [Col. Cerambycidae]
10.5962/bhl.part.2973	10.3406/bsef.1911.24915	1	Lepidopteres nouveaux de Tunisie	Lépidoptères nouveaux de Tunisie
10.5962/bhl.part.2968	10.3406/bsef.1911.24879	1	Trois Malachides nouveaux du genre Dromanthus Gorh	Trois Malachides nouveaux du genre Dromanthus Gorh. [Col. Malacodermata]
10.5962/bhl.part.2972	10.3406/bsef.1911.24894	1	Synonymie de divers Malacodermes et description de deux especes nouvelles	Synonymie de divers Malacodermes et descriptions de deux espèces nouvelles [Col.]
10.5962/bhl.part.2965		0	Captures et observations	
10.5962/bhl.part.2971	10.3406/bsef.1911.24893	1	Le genre Atyphella Oll. et descriptions d'espèces nouvelles [Col. Lampyridae]	Le genre Atyphella Oll. et description d’espèces nouvelles [Col. Lampyridae]
10.5962/bhl.part.2967	10.3406/bsef.1911.24865	1	Séance du 22 mars 1911. Notes brèves pour aider à la distinction des Longicornes du genre Mallosia Muls. [Col. Cerambycidae]	Notes brèves pour aider à la distinction des Longicornes du genre Mallosia Muls. [Col. Cerambycidae]
10.5962/bhl.part.2970	10.3406/bsef.1911.24892	1	Sur le genre Chionea en Alsace	Sur la présence du genre Chionea en Alsace [Dipt. Tipulidae]
10.5962/bhl.part.2977	10.3406/bsef.1911.24950	1	Description d'une nouvelle espèce de Chelidonium Thoms. [Col. Cerambycidae]	Description d’une nouvelle espèce de Chelidonium Thoms. [Col. Cerambycidae]
10.5962/bhl.part.2979	10.3406/bsef.1911.24969	1	Communications. Note sur Halycidocrius Philippii Berg et Prionapterus staphylinus Serv. [Col. Cerambycidae] (avec la planche no II)	Note sur Halycidocrius Philippii Berg et Prionapterus staphylinus Serv. [Col. Cerambycidae]
10.5962/bhl.part.2978	10.3406/bsef.1911.24954	1	Lepidopteres nouveaux ou peu connus	Lépidoptères nouveaux ou peu connus
10.5962/bhl.part.2975	10.3406/bsef.1911.24923	1	Description d'un nouveau genre et d'une nouvelle espèce de la République Argentine appartenant au groupe des Trachyderini (Col., Cerambycidae)	Description d’un nouveau genre et d’une nouvelle espèce de la République Argentine appartenant au groupe des Trachyderini [Col. Cerambycidae]
10.5962/bhl.part.2976	10.3406/bsef.1911.28697	1	Nouvelles especes de Coleopteres de Chypre et d'Asie Mineure	Nouvelles espèces de Coléoptères de Chypre et d’Asie Mineure
10.5962/bhl.part.2980	10.3406/bsef.1911.24971	1	Trois Lycides exotiques nouveaux	Trois Lycides exotiques nouveaux [Col.]
10.5962/bhl.part.2982		0	Nouveaux Coleopteres de la faune tunisienne	
10.5962/bhl.part.2983		0	Description de trois nouveaux Diapriides (Hym.)	
10.5962/bhl.part.4565	10.3406/bsef.1907.24046	1	Diagnose de deux especes nouvelles de Stomoxys africains (Dipt.)	Diagnoses de deux espèces nouvelles de Stomoxys africains [Dipt.]
10.5962/bhl.part.4573	10.3406/bsef.1907.24106	1	Note sur quelques Tipulides de France	Note sur quelques Tipulides de France [Dipt.]
10.5962/bhl.part.4568	10.3406/bsef.1907.24095	1	Séance du 24 avril 1907. Sur la collaboration de Creutzer et de Zenker à l'œuvre de Panzer [Col.]	Sur la collaboration de Creutzer et de Zenker à l’œuvre de Panzer [Col.]
10.5962/bhl.part.4572	10.3406/bsef.1907.24104	1	Description d'une nouvelle espece de Chrysops de Tombouctou	Description d’une nouvelle espèce de Chrysops de Tombouctou [Dipt.]
10.5962/bhl.part.4566	10.3406/bsef.1907.24047	1	Remarques sur Dorydium lanceolatum Burm. (Hém., Hom.)	Remarques sur Dorydium lanceolatum Burm. [Hém. Hom.]
10.5962/bhl.part.4575	10.3406/bsef.1907.24153	1	Lampyrides nouveaux de Colombie	Lampyrides nouveaux de Colombie [Col.]
10.5962/bhl.part.4567	10.3406/bsef.1907.24092	1	Diagnose d'un Staphylinide cavernicole nouveau de l'Algerie	Diagnose d’un Staphylinide cavernicole nouveau de l’Algérie [Col.]
10.5962/bhl.part.4570	10.3406/bsef.1907.24101	1	Notes sur quelques Coccinellides Paléarctiques (Col.)	Notes sur quelques Coccinellides paléarctiques [Col.]
10.5962/bhl.part.4571	10.3406/bsef.1907.24102	1	Note sur les Papilio asiatiques du groupe d'Alcinous (Lép. Rhop.)	Note sur les Papilio asiatiques du groupe d'Alcinous [Lép.]
10.5962/bhl.part.4574		0	Rectification synonymique	
10.5962/bhl.part.4569	10.3406/bsef.1907.24097	0.98	Nouveaux Coleopteres de la faune franYaise	Nouveaux Coléoptères de la faune française (troisième note)
10.5962/bhl.part.4576	10.3406/bsef.1907.24156	1	Une nouvelle Blattide du houiller de Lievin (Pas-de-Calais)	Une nouvelle Blattide du houiller de Liévin (Pas-de-Calais) [Orth.]
10.5962/bhl.part.4581	10.3406/bsef.1907.24189	0.98	Mechistauchenus, nouveau genre de Géophilide	Mecistauchenus, nouveau genre de Géophilide [Myriap.]
10.5962/bhl.part.4578	10.3406/bsef.1907.24169	0.94	Description de Silphides et de Liodides nouveaux	Description de Silphides et Liodides nouveaux [Col.]
10.5962/bhl.part.4579	10.3406/bsef.1907.24185	1	Description d'un Onitis nouveau d'Algerie	Description d’un Onitis nouveau d’Algérie [Col.]
10.5962/bhl.part.4577	10.3406/bsef.1907.24162	1	Les sous-varietes de Crioceris macilenta Weise. Deuxieme note	Les sous-variétés de Crioceris macilenta Weise [Col.] (deuxième note)
10.5962/bhl.part.4580	10.3406/bsef.1907.24186	1	Description de deux especes nouvelles de Depressaria d'Algerie	Description de deux espèces nouvelles de Depressaria d’Algérie [Lép.]
10.5962/bhl.part.4583	10.3406/bsef.1907.24220	1	Description de deux especes nouvelles de Lepidopteres algeriens	Description de deux espèces nouvelles de Lépidoptères algériens
10.5962/bhl.part.4657	10.3406/bsef.1910.24631	1	Description de deux espèces nouvelles appartenant au genre Rhatymoscelis Thoms [Col. Cerambycidae]	Description de deux espèces nouvelles appartenant au genre Rhatymoscelis Thoms. [Col. Cerambycidae]
10.5962/bhl.part.4655	10.3406/bsef.1910.24623	1	Un nouveau Leptodirus des grottes de Carinthie	Un nouveau Leptodirus des grottes de Carinthie [Col. Silphidae]
10.5962/bhl.part.4656	10.3406/bsef.1910.24626	1	Description d'un nouveau Trotomma d'Algerie	Description d’un nouveau Trotomma d’Algérie [Col. Heteromera]
10.5962/bhl.part.4665	10.3406/bsef.1910.24657	1	Heteromeres nouveaux du groupe des Zonitini	Hétéromères nouveaux du groupe des Zonitini [Col. Heteromera]
10.5962/bhl.part.4663	10.3406/bsef.1910.24652	1	Diagnose provisoire d'un Mecinus nouveau	Diagnose provisoire d’un Mecinus nouveau [Col. Curculionidae]
10.5962/bhl.part.4660	10.3406/bsef.1910.24637	1	Description de deux Lepidopteres nouveaux	Description de deux Lépidoptères nouveaux [Hesperidae]
10.5962/bhl.part.4661	10.3406/bsef.1910.24641	1	Un nouveau Chlorogomphus Selys (Névr. Cordulegastrinae)	Un nouveau Chlorogomphus Sélys. [Nevr. Cordulegastrinae]
10.5962/bhl.part.4666	10.3406/bsef.1910.24663	1	Description d'une espece nouvelle de Theodosia	Description d’une espèce nouvelle de Theodosia [Col. Scarabaeidae]
10.5962/bhl.part.4658	10.3406/bsef.1910.24632	0.98	Un nouveau Speonomus des Pyrenees orientales	Un nouveau Speonomus des Pyrénées-Orientales [Col. Silphidae]
10.5962/bhl.part.4664	10.3406/bsef.1910.24656	1	Description d'un Rhantus nouveau du Kilimandjaro	Description d’un Rhantus nouveau du Kilimandjaro (Afrique orientale) [Col. Dytiscidae]
10.5962/bhl.part.4659	10.3406/bsef.1910.24634	1	Dasytes nouveaux de l'Afrique australe	Dasytes nouveaux de l’Afrique australe [Col. Malacodermata]
10.5962/bhl.part.4662	10.3406/bsef.1910.24647	1	Description d'un Hylophilus du Japon	Description d’un Hylophilus du Japon [Col. Heteromera]
10.5962/bhl.part.4669	10.3406/bsef.1910.24680	1	Note sur le genre Compsocerus Serv. et description de deux espèces inédites appartenant à ce genre [Col. Cerambycidae]	Note sur le genre Compsocerus Serv. et description de deux espèces inédites appartenant à ce genre [Col. Cerambycidae]
10.5962/bhl.part.4667	10.3406/bsef.1910.24664	1	Description d'un Calosoma nouveau d'Angola	Description d’un Calosoma nouveau d’Angola [Col. Carabidae]
10.5962/bhl.part.4673	10.3406/bsef.1910.24694	1	Description d'un Tenebroides nouveau du HautBresil	Description d’un Tenebroides nouveau du Haut-Brésil [Col. Temnochilidae]
10.5962/bhl.part.4670	10.3406/bsef.1910.24681	1	Description d’un nouveau genre et d’une nouvelle espèce d’Erotylidae [Col.]	Description d’un nouveau genre et d’une nouvelle espèce d’Erotylidae [Col.]
10.5962/bhl.part.4672	10.3406/bsef.1910.24693	0.97	Elaleridae et Melasidae nouveaux	Elateridae et Melasidae nouveaux [Col.]
10.5962/bhl.part.4671	10.3406/bsef.1910.24689	1	Un Coniopterygidae du copal de récent de Madagascar [Nevr.]	Un Coniopterygidae du copal récent de Madagascar [Nevr.]
10.5962/bhl.part.4674	10.3406/bsef.1910.24699	0.98	Description d'un Mantide nouveau de la Guyane franYaise	Description d’un Mantide nouveau de la Guyane française [Orth.]
10.5962/bhl.part.4668	10.3406/bsef.1910.24672	1	Un Coniopterygidae du copal récent de Togo (Afrique) [Nevr.]	Un Coniopterygidae du copal récent de Togo (Afrique) [Nevr.]
10.5962/bhl.part.4676	10.3406/bsef.1910.24705	0.98	Les Stratio-myides de l'ambre de la Baltique	Les Stratiomyidae de l’ambre de la Baltique [Dipt.]
10.5962/bhl.part.4675	10.3406/bsef.1910.24703	1	Les Omphreoides de Madagascar; description d'une espece nouvelle	Les Omphreoides de Madagascar, description d’une espèce nouvelle [Col. Carabidae, Hexagoniini]
10.5962/bhl.part.4679	10.3406/bsef.1910.24726	1	Description d'une nouvelle espece de Drilidae	Description d’une nouvelle espèce de Drilidae [Col.]
10.5962/bhl.part.4677	10.3406/bsef.1910.24720	0.97	Description d'un nouveau Baeinc	Description d’un nouveau Baeine [Hym.]
10.5962/bhl.part.4678	10.3406/bsef.1910.24725	1	Description d'un Rosalia nouveau du Yunnan	Description d’un Rosalia nouveau du Yunnan [Col. Cerambycidae]
10.5962/bhl.part.4680	10.3406/bsef.1910.24730	0.98	Sur deux Cochenilles de l'Olivier en Tunisie	Sur deux Cochenilles de l’Olivier de Tunisie [Hem. Coccidae]
10.5962/bhl.part.4681	10.3406/bsef.1910.24731	1	Une nouvelle espece de Phauda du Tonkin	Une nouvelle espèce de Phauda du Tonkin [Lep. Noctuidae]
10.5962/bhl.part.4685	10.3406/bsef.1910.24754	1	Description de deux Callichroma nouveaux de l'Amérique du Sud [Col. Cerambycidae]	Description de deux Callichroma nouveaux de l’Amérique du Sud [Col. Cerambycidae]
10.5962/bhl.part.4684	10.3406/bsef.1910.24747	1	Description d'un nouveau genre de Galleriinae de France	Description d’un nouveau genre de Galleriinae [Lep.] de France
10.5962/bhl.part.4682	10.3406/bsef.1910.29123	1	Notes sur divers Lyctides du type Xylotrogus Steph. [COL.]	Notes sur divers Lyctides du type Xylotrogus Steph. [Col ]
10.5962/bhl.part.4683	10.3406/bsef.1910.24743	1	Description de deux Lycides nouveaux de l'ile Lombok	Description de deux Lycides nouveaux de l'île Lombok [Col.]
10.5962/bhl.part.4687	10.3406/bsef.1910.24756	1	Description de Lampyrides nouveaux	Description de Lampyrides nouveaux [Col.]
10.5962/bhl.part.4692	10.3406/bsef.1910.24765	1	Un Lyctide nouveau de la faune indienne	Un Lyctide nouveau de la faune indienne [Col.]
10.5962/bhl.part.4693	10.3406/bsef.1910.24768	1	Description de trois nouveaux Scelionides (Hym.)	Description de trois nouveaux Scélionides [Hym.]
10.5962/bhl.part.4694	10.3406/bsef.1910.24778	1	Description de trois Rhysodides nouveau	Description de trois Rhysodides nouveaux [Col.]
10.5962/bhl.part.4689	10.3406/bsef.1910.24759	0.99	Diagnosis de nouveaux genres et de nouvelles espèces de Scelionides (Hym.) des îles Sechelles	Diagnoses de nouveaux genres et de nouvelles espèces de Scélionides [Hym.] des îles Séchelles
10.5962/bhl.part.4690	10.3406/bsef.1910.24759	1	Diagnoses de nouveaux genres et de nouvelles espèces de Scelionides (Hym.) des îles Sechêlles	Diagnoses de nouveaux genres et de nouvelles espèces de Scélionides [Hym.] des îles Séchelles
10.5962/bhl.part.4686	10.3406/bsef.1910.24755	1	Deux nouveaux Coleopteres cavernicoles de Catalogne	Deux nouveaux Coléoptères cavernicoles de Catalogne (note préliminaire)
10.5962/bhl.part.4688	10.3406/bsef.1910.24758	1	Malachiides exotiques nouveaux	Malachiides exotiques nouveaux [Col. Malacodermata]
10.5962/bhl.part.4691	10.3406/bsef.1910.24760	1	Description de deux Gelechides nouvelles de France	Description de deux Géléchides nouvelles de France [Lep.]
10.5962/bhl.part.4698	10.3406/bsef.1910.24800	0.86	Descriptions de trois especes nouvelles de Pyralides de Mauritanie	Description de trois nouvelles espèces de Pyralides de Mauritanie [Lep.]
10.5962/bhl.part.4697	10.3406/bsef.1910.24792	0.97	Diagnoses de nouveaux genres d'Anlacinae	Diagnoses de nouveaux genres d'Aulacinae [Hym.]
10.5962/bhl.part.4696	10.3406/bsef.1910.24787	1	Description d'un Lucanide nouveau	Description d’un Lucanide nouveau [Col.]
10.5962/bhl.part.4695	10.3406/bsef.1910.24779	1	Description de deux Cetonides nouveaux	Description de deux Cétonides nouveaux [Col. Scarabaeidae]
10.5962/bhl.part.5602	10.3406/bsef.1908.24255	1	Description de deux nouveaux Stomoxys du Bengale (Dipt.)	Description de deux nouveaux Stomoxys du Bengale [Dipt.]
10.5962/bhl.part.5604	10.3406/bsef.1908.24260	0.99	Description d'un genre nouveau et d'une espece nouvelle d'Orthopteres de la cots occidentale d'Afrique	Description d’un genre nouveau et d’une espèce nouvelle d’Orthoptères de la côte occidentale de l’Afrique
10.5962/bhl.part.5603	10.3406/bsef.1908.24256	1	Description d'une variété nouvelle de Thais Cerisyi God. (Lép.)	Description d’une variété nouvelle de Thais Cerisyi God. [Lép.]
10.5962/bhl.part.5601	10.3406/bsef.1908.24254	1	Les Asilidae de l'ambre de la Baltique	Les Asilidae de l’ambre de la Baltique [Dipt.]
10.5962/bhl.part.5605	10.3406/bsef.1908.24280	1	Description de Lepidopteres tunisiens nouveaux	Description de Lépidoptères tunisiens nouveaux
10.5962/bhl.part.5612	10.3406/bsef.1908.24355	1	Nouveaux Coleopteres de la faune francaise	Nouveaux Coléoptères de la faune française (cinquième note)
10.5962/bhl.part.5609	10.3406/bsef.1908.24323	1	Description d'un Fulgoride nouveau de Franco	Description d’un Fulgoride nouveau de France [Hém. Hom.]
10.5962/bhl.part.5611	10.3406/bsef.1908.24347	0.99	Description de deux formes nouvelles de Temnochilides et noto rectificative	Description de deux formes nouvelles de Temnochilides [Col.], et note rectificative
10.5962/bhl.part.5606	10.3406/bsef.1908.24297	1	Description d'un genre nouveau et d'une espece nouvelle de Myriapodes de France	Descriptions d’un genre nouveau et d’une espèce nouvelle de Myriapodes de France
10.5962/bhl.part.5608	10.3406/bsef.1908.24316	1	Planipennes recueillis par M. René Chudeau dans le Sud-Algérien et au lac Tchad	Sur les Planipennes recueillis par M. René Chudeau dans le Sud-Algérien et au lac Tchad
10.5962/bhl.part.5610	10.3406/bsef.1908.24332	1	Description d'un nouveau genre et d'une nouvelle espece de Lampyrides	Description d’un nouveau genre et d’une nouvelle espèce de Lampyrides [Col.]
10.5962/bhl.part.5613	10.3406/bsef.1908.24368	1	Étude sur quelques Acridiens d'Afrique [Orth.]	Étude sur quelques Acridiens d’Afrique
10.5962/bhl.part.5607	10.3406/bsef.1908.24302	1	Sur les Amphicrossus de l'Afrique et description d'une espece nouvelle	Note sur les Amphicrossus de l’Afrique et description d’une espèce nouvelle [Col.]
10.5962/bhl.part.5618	10.3406/bsef.1908.24393	1	Notes synonymiques (Col.)	Notes synonymiques [Col.]
10.5962/bhl.part.5614	10.3406/bsef.1908.24369	1	Une nouvelle espece de Scythris des environs de Vannes	Une nouvelle espèce de Scythris [Microlép.] des environs de Vannes
10.5962/bhl.part.5615	10.3406/bsef.1908.24370	0.98	Sur une nouvelle espece de Thrips nuisible aux Ficus on Algerie	Sur une nouvelle espèce de Thrips [Thysanopt.] nuisibles aux Ficus, en Algérie
10.5962/bhl.part.5617	10.3406/bsef.1908.24388	0.98	Sur le genre Aneyrosoma Amyot et Serville et description d'une espece nonvelle d'Algerie	Sur le genre Ancyrosoma Amyot et Serville [Hém. Hét.] et description d’une espèce nouvelle d’Algérie
10.5962/bhl.part.5616	10.3406/bsef.1908.24380	1	Description d'une espece nouvelle de Pselaphide d'Italie centrale	Description d’une espèce nouvelle de Psélaphide [Col.] d’Italie centrale
10.5962/bhl.part.8619	10.3406/bsef.1899.22352	1	Diagnose d'un Longicorne nouveau de Bolivie, appartenant au genre Mecometopus Th. [Col.]	Diagnose d'un Longicorne nouveau de Bolivie, appartenant au genre Mecometopus Th. [Col.]
10.5962/bhl.part.8621	10.3406/bsef.1899.28657	1	Note sur le genre Migdolus et description de la femelle du Migdolus Fryanus Westw. [Col.]	Note sur le genre Migdolus et description de la femelle du Migdolus Fryanus Westw. [Col.]
10.5962/bhl.part.8620	10.3406/bsef.1899.22367	0.99	Description d'une araignée myrmécophile du Cap de Bonne-Espérance (Andromma Raffrayi n. sp.)	Description d'une Araignée myrmécophile du Cap de Bonne-Espérance (Andromina Raffrayi n. sp.)
10.5962/bhl.part.8622	10.3406/bsef.1899.22402	1	Arachnides recueillis par M. C.-J. Dewitz en 1898, à Bir-Hooker (Wadi Natron), en Égypte	Arachnides recueillis par M. C.-J. Dewitz en 1898, à Bir-Hooker (Wadi-Natron), en Égypte
10.5962/bhl.part.8617	10.3406/bsef.1899.22270	1	Ichneumonides captures en 1898 et descriptions de deux especes nouvelles (Hymen.)	Ichneumonides capturés en 1898 et description de deux espèces nouvelles [Hymén.]
10.5962/bhl.part.8616	10.3406/bsef.1899.22269	1	Description d'un type nouveau de Prionien aberrant [Col.]	Description d'un type nouveau de Prionien aberrant [Col.]
10.5962/bhl.part.8618	10.3406/bsef.1899.22300	0.94	Description d'un nouveau genre et tableau des genres européens de la famille des chironomides (Dipt.)	Description d'un genre nouveau et tableau des genres européens de la famille des Chironomides [Dipt.]
10.5962/bhl.part.8623	10.3406/bsef.1899.22475	0.98	Contributions à la faune entomologique de la Région malgache	Contribution à la faune entomologique de la Région malgache, 7° note
10.5962/bhl.part.9083	10.3406/bsef.1920.26559	1	Note sur les Proctotrypides (Hym.)	Note sur les Proctotrypides [Hym.]
10.5962/bhl.part.9087	10.3406/bsef.1920.26615	0.9	Description d'une nouvelle espèce d'Hysteroptorum du Maroc Occidental (Hém. Jassidae)	Description d’une espèce nouvelle d’Hysteropterum du Maroc occidental [Hem. Jassidae]
10.5962/bhl.part.9088	10.3406/bsef.1920.26622	1	Deux Odonates nouvelles	Deux Odonates nouvelles
10.5962/bhl.part.9084	10.3406/bsef.1920.26575	1	Note sur un Jassidae, Eutettix osborni Ball, de l'Amérique du Nord (Hem.)	Note sur un Jasside, Eutettix Osborni Ball, de l’Amérique du Nord [Hem.]
10.5962/bhl.part.9086	10.3406/bsef.1920.26589	0.98	Deux Névroptères nouveaux d'Océanie [Chrysopidae et Mrymeleonidae]	Deux Névroptères nouveaux d’Océanie [Chrysopidae et Myrmeleonidae]
10.5962/bhl.part.9090	10.3406/bsef.1920.26697	0.98	Notes sur quelques insectes Odonates et Planipennes [Nevr]	Notes sur quelques insectes Odonates et Planipennes [Neur.]
10.5962/bhl.part.9089	10.3406/bsef.1920.26683	1	Note sur les variations du Tabanus nemoralis Meig	Notes sur les variations du Tabanus nemoralis Meigen [Dipt.]
10.5962/bhl.part.9085	10.3406/bsef.1920.26580	1	Sur quelques anomalies dans la nervulation chez les Chrysopides [Neur.]	Sur quelques anomalies dans la nervulation chez les Chrysopides [Neur]
10.5962/bhl.part.11420	10.3406/bsef.1918.26203	1	Notes sur la synonymie de plusiers espèces de la famille des thomisides	Notes sur la synonymie de plusieurs espèces de la famille des Thomisides [Arachn.]
10.5962/bhl.part.11421	10.3406/bsef.1918.26212	1	Nervulations anormales de quelques Dipteres Tipuliformes	Nervulations anormales de Diptères Tipuliformes
10.5962/bhl.part.11425	10.3406/bsef.1918.26286	0.98	Description d'un gnaphosidae nouveau de Tunisie	Description d'un Gnaphoside nouveau de Tunisie [Arachn. Gnaphosidae]
10.5962/bhl.part.11427	10.3406/bsef.1918.26331	1	Description dun Pachyrhina nouveau du Lyonnais (Diptera Tipulidae)	Description d'un Pachyrhina nouveau du Lyonnais [Dipt. Tipulidae]
10.5962/bhl.part.11426	10.3406/bsef.1918.26305	1	Note sur la synonymie de plusiers araignées de la famille des Clubionidae	Notes sur la synonymie de plusieurs Araignées de la famille des Clubionidae
10.5962/bhl.part.11424	10.3406/bsef.1918.26276	0.99	Description d'une nouvelle espèce de Bursinia. (Hém. Dictyopharinae) de la province d'Alger (massif du Zaccar)	Description d'une nouvelle espèce de Bursinia [Hem. Dictyopharinae] de la province d'Alger (massif du Zacear)
10.5962/bhl.part.11423	10.3406/bsef.1918.26271	0.98	Descriptions de plusiers espèces d'arachnides récemment découvertes en France. (Quatrième note)	Descriptions de plusieurs espèces d'Arachnides récemment découvertes en France (4e note)
10.5962/bhl.part.11422	10.3406/bsef.1918.26241	0.98	Description d'un nouveau genre et d'une nouvelle espèce d'Hysteropterinae (Hém. Issidae) d'Asie Mineure	Description d'un nouveau genre et d'une nouvelle espèce d'Hysteropterum [Hem. Issidae] d'Asie Mineure
10.5962/bhl.part.13498	10.3406/bsef.1909.24464	1	Description d'une nouvelle espèce brésilienne d'Amphionycha	Description d’une nouvelle espèce brésilienne d’Amphionycha [Col. Cerambycidae]
10.5962/bhl.part.13497		0	Captures et Biologie	
10.5962/bhl.part.13499	10.3406/bsef.1909.24476	1	Sur un nouveau genre d'Hymenoptere de famille incertaine	Sur un nouveau genre d’Hyménoptères de famille incertaine
10.5962/bhl.part.13500	10.3406/bsef.1909.24491	1	Sur deux Mymarinae du copal récent de Madagascar et de Zanzibar	Sur deux Mymarinae du copal récent de Madagascar et de Zanzibar [Hym.]
10.5962/bhl.part.13507	10.3406/bsef.1909.24554	1	Description de quelques nouveaux Scelionides d'Europe (Hym.)	Description de quelques nouveaux Scélionides d’Europe [Hym.]
10.5962/bhl.part.13504	10.3406/bsef.1909.24544	1	Description de deux nouveaux Sciarides nivicoles d'Algérie [Dipt.]	Description de deux nouveaux Sciarides nivicoles d’Algérie [Dipt.]
10.5962/bhl.part.13503	10.3406/bsef.1909.24525	1	Note sur trois Odonates de Syrie (Névropt.)	Note sur trois Odonates de Syrie [Nevropt.]
10.5962/bhl.part.13506	10.3406/bsef.1909.24552	1	Sur le genre Zonitomorpha Pering	Sur le genre Zonitomorpha Péring. [Col. Heteromera]
10.5962/bhl.part.13505	10.3406/bsef.1909.24545	1	Nouveaux Scelionides de l'Amerique du Sud [Hym.]	Nouveaux Scélionides de l’Amérique du Sud [Hym.]
10.5962/bhl.part.13502	10.3406/bsef.1909.24500	1	Description de trois nouvelles especes du genre Eublemma Hb	Description de trois nouvelles espèces du genre Eublemma Hb. [Lep. Noctuidae]
10.5962/bhl.part.13509	10.3406/bsef.1909.24576	1	Odyneropsis Schrottky, genre d'Abeilles parasites mimetiques	Odyneropsis Schrottky, genre d’Abeilles parasites mimétiques [Hym.]
10.5962/bhl.part.13501	10.3406/bsef.1909.24498	1	Description d'une nouvelle espece de. Leperina et note synonymique	Description d’une nouvelle espèce de Leperina [Col.] et note synonymique
10.5962/bhl.part.13508	10.3406/bsef.1909.24562	1	Un Aradide nouveau du copal recent de Madagascar	Un Aradide nouveau du copal récent de Madagascar [Hem. Aradidae]
10.5962/bhl.part.13510	10.3406/bsef.1909.24577	1	Une nouvelle Fourmi de Cuba	Une nouvelle Fourmi [Hym.] de Cuba
10.5962/bhl.part.13511	10.3406/bsef.1909.24583	1	Description d'un nouvel Urodon palearctique	Description d’un nouvel Urodon paléarctique
10.5962/bhl.part.13512	10.3406/bsef.1909.24584	1	Nouveaux Coleopteres de la faune tunisienne	Nouveaux Coléoptères de la faune tunisienne (3e note)
10.5962/bhl.part.13515	10.3406/bsef.1909.24599	1	Description d'un Coryphium nouveau de France	Description d’un Coryphium nouveau de France [Col. Staphylinidae]
10.5962/bhl.part.13513	10.3406/bsef.1909.24585	1	Pyrochroidae nouveaux	Pyrochroidae nouveaux [Col. Heteromera]
10.5962/bhl.part.13514	10.3406/bsef.1909.24598	1	Silidius et Silis exotiques nouveaux	Silidius et Silis exotiques nouveaux [Col. Malacodermata]
10.5962/bhl.part.13516	10.3406/bsef.1909.24601	0.84	Description d'une espece nouvelle du genre Taragama	Description d’une nouvelle espèce de genre Taragama [Lep. Pinaridae]
10.5962/bhl.part.2981		0	Synonymies de Scarabaeidae palearctiques	
10.5962/bhl.part.16267	10.3406/bsef.1913.25235	1	Notules myriapodologiques	Notules myriapodologiques
10.5962/bhl.part.16270	10.3406/bsef.1913.25242	1	Description d'un Hololepta nouveau de Sumatra	Description d'un Hololepta [Col. Histeridae] nouveau de Sumatra
10.5962/bhl.part.16268	10.3406/bsef.1913.25236	1	Description d'un genre nouveau et d'une espece nouvelle de Mantidae de la Republique Argentine	Description d'un genre nouveau et d'une espèce nouvelle de Mantidae [Orth.] de la République Argentine
10.5962/bhl.part.16274	10.3406/bsef.1913.25268	1	Description d'un Bythinus nouveau de France	Description d'un Bythinus nouveau de France [Col. Pselaphidae]
10.5962/bhl.part.16273	10.3406/bsef.1913.25267	1	Anthicides exotiques nouveaux	Anthicides exotiques nouveaux [Col. Heteromera]
10.5962/bhl.part.16269	10.3406/bsef.1913.25241	1	Description d'une espece nouvelle appartenant au genre Chordodera	Description d'une espèce nouvelle appartenant au genre Chordodera Burm. [Col. Scarabaeidae]
10.5962/bhl.part.16272	10.3406/bsef.1913.25261	1	Description d'une nouvelle espece d'Acidalia de France	Description d'une nouvelle espèce d'Acidalia de France [Lep. Geometridae]
10.5962/bhl.part.16271	10.3406/bsef.1913.25248	0.98	Description d'un Calosome nouveau d'Afrique tropicale	Description d'un Calosoma nouveau d'Afrique tropicale [Col. Carabidae]
10.5962/bhl.part.16275	10.3406/bsef.1913.25273	1	Description d'un Eudicella White nouveau de l'Afrique orientale	Description d'un Eudicella White [Col. Scarabaeidae] nouveau de l'Afrique Orientale
10.5962/bhl.part.16276	10.3406/bsef.1913.25276	1	Description d'un Oxypoda nouveau de France	Description d'un Oxypoda nouveau de France [Col. Staphylinidae]
10.5962/bhl.part.16282	10.3406/bsef.1913.25316	0.96	Description d'une espece nouvelle du genre Trichius Fairm	Description d'une espèce nouvelle du genre Trichius Fabr. [Col. Scarabaeidae]
10.5962/bhl.part.16277	10.3406/bsef.1913.25277	1	Description d'un nouveau Syrphide europeen	Description d'un nouveau Syrphide européen [Dipt.]
10.5962/bhl.part.16278	10.3406/bsef.1913.25284	0.89	Description d'une espece nouvelle du genre Bengalia Rob.-Desv. (Dipt.)	Description d'une nouvelle espèce du genre Bengalia Rob.-Desv. [Dipt.]
10.5962/bhl.part.16284	10.3406/bsef.1913.25318	0.98	Description de deux Curculionides nouveaux de la faune franYaise	Description de deux Curculionides nouveaux de la faune française [Col.]
10.5962/bhl.part.16280	10.3406/bsef.1913.25291	1	Les Silis Latr. du Tonkin et de Cochinchine	Les Silis Latr. du Tonkin et de Cochinchine [Col. Malacodermata]
10.5962/bhl.part.16281	10.3406/bsef.1913.25309	1	Notes Orthoptérologiques	Notes orthoptérologiques
10.5962/bhl.part.16283	10.3406/bsef.1913.25317	1	Description d'un genre et d'une espece nouvelle de Meloidae	Description d'un genre et d'une espèce nouvelle de Meloidae [Col.]
10.5962/bhl.part.16279	10.3406/bsef.1913.25290	1	Note sur Sagra humeralis Jacoby et description de la femelle de cette espece	Note sur Sagra humeralis Jacoby [Col. Phytophaga] et description de la femelle de cette espèce
10.5962/bhl.part.16285	10.3406/bsef.1913.25319	1	Description d'une nouvelle espece de Faronus de Sicile	Description d'une nouvelle espèce de Faronus de Sicile [Col. Pselaphidae]
10.5962/bhl.part.16287	10.3406/bsef.1913.25321	0.98	Description d'un Scydmaenua nouveau du Senegal	Description d'un Scydmaenus nouveau du Sénégal [Col. Scydmaenidae]
10.5962/bhl.part.16288	10.3406/bsef.1913.25323	1	Sur Pollenia stabulans	Sur Pollenia stabulans Bezzi [Dipt.]
10.5962/bhl.part.16286	10.3406/bsef.1913.25320	0.98	Description d'un Purpuricenus nouvean du Japon	Description d'un Purpuricenus nouveau du Japon [Col. Cerambycidae]
10.5962/bhl.part.16289	10.3406/bsef.1913.25335	1	Description d'une nouvelle espece de Nola d'Algerie	Description d'une nouvelle espèce de Nola d'Algérie [Lep. Nolidae]
10.5962/bhl.part.16290	10.3406/bsef.1913.25344	1	Description de quelques nouveaux chironomides (Dipt.)	Description de quelques nouveaux Chironomides [Dipt.]
10.5962/bhl.part.16294	10.3406/bsef.1913.25359	1	Description de deux nouvelles especes de noctuelle et de geometre d'Algerie	Description de deux nouvelles espèces de Noctuelle et de Geomètre d'Algérie [Lep.]
10.5962/bhl.part.16293	10.3406/bsef.1913.25357	1	Division des Anteoninae	Division des Anteoninae [Hym.]
10.5962/bhl.part.16291	10.3406/bsef.1913.25352	1	Description de deux Cetonides nouveaux	Description de deux Cétonides nouveaux [Col. Scarabaeidae]
10.5962/bhl.part.16292	10.3406/bsef.1913.25355	1	Un type nouveau d'Anobiide appartenant a la faunae japonaise	Un type nouveau d'Anobiide appartenant à la faune japonaise
10.5962/bhl.part.16295	10.3406/bsef.1913.25363	1	Description d'un Pachnoda nouveau de l'Uganda	Description d'un Pachnoda nouveau de l'Uganda [Col. Scarabaeidae]
10.5962/bhl.part.16297	10.3406/bsef.1913.25374	0.97	Description de Cetouides nonveaux de l'Afrique orientale et de Madagascar	Description de Cétonides nouveaux de l'Afrique Orientale et de Madagascar [Col. Scarabaeidae]
10.5962/bhl.part.16298	10.3406/bsef.1913.25378	1	Description d'un Lycoria (Sciara) nouveau de France	Description d'un Lycoria (Sciara) nouveau de France [Dipt. Lycoriidae]
10.5962/bhl.part.16296	10.3406/bsef.1913.25372	1	Description d'un Lucanide nouveau	Description d'un Lucanide nouveau [Col.]
10.5962/bhl.part.16301	10.3406/bsef.1913.25392	1	Description d'une nouvelle espèce de Bursinia d'Algérie. (Hém. Fulgoridae)	Description d'une nouvelle espèce de Bursinia d'Algérie [Hem. Fulgoridae]
10.5962/bhl.part.16302	10.3406/bsef.1913.25394	1	Description d'une nouvelle espece de Phycide d'Algerie	Description d'une nouvelle espèce de Phycide d'Algérie [Lep. Phycitinae]
10.5962/bhl.part.16299	10.3406/bsef.1913.25379	0.98	A propos de deux Myodaires superieurs africians (Dipt.)	A propos de deux Myodaires supérieurs africains [Dipt.]
10.5962/bhl.part.16300	10.3406/bsef.1913.25386	1	Description de deux Ochodaeus et de deux Orphnus nouveaux d'Afrique	Description de deux Ochodaeus et de deux Orphnus nouveaux d'Afrique [Col. Scarabaeidae]
10.5962/bhl.part.16305	10.3406/bsef.1913.25402	1	Description d'un Pelorurus Mars. nouveau	Description d'un Pelorurus Mars. [Col. Histeridae] nouveau
10.5962/bhl.part.16307	10.3406/bsef.1913.25407	1	Syrphide nouveau des colonies francaises (Dipt.)	Syrphide nouveau des colonies françaises [Dipt.]
10.5962/bhl.part.16308	10.3406/bsef.1913.25408	1	Sur un Braconide (Hym.) nouveau parasite de Sinoxylon sexdentatum Ol. dans les sarments de vigne	Sur un Braconide [Hym ] nouveau parasite de Sinoxylon sexdentatum Ol. dans les sarments de vigne
10.5962/bhl.part.16312	10.3406/bsef.1913.25433	0.97	Un nouvel Oligomyrmex da Cochinchine	Un nouvel Oligomyrmex de Cochinchine [Hym. Formicidae]
10.5962/bhl.part.16310	10.3406/bsef.1913.25411	1	Une nouvelle Caradrina de Sardaigne	Une nouvelle Caradrina [Lep.] de Sardaigne
10.5962/bhl.part.16309	10.3406/bsef.1913.25409	1	Description d'une nouvelle espece de Crambus d'Algerie	Description d'une nouvelle espèce de Crambus d'Algérie [Lep. Pyralidae]
10.5962/bhl.part.16311	10.3406/bsef.1913.28757	1	Chrysopides nouveaux [Nevr.]	Chrysopides nouveaux [Nevr.]
10.5962/bhl.part.16303	10.3406/bsef.1913.25398	1	Un nouvel Anophthalmus de l'Ariege	Un nouvel Anophthalmus de l'Ariège [Col. Carabidae]
10.5962/bhl.part.16304	10.3406/bsef.1913.25401	1	Sur deux Aphaenops nouveaux des Basses-Pyrenees	Sur deux Aphaenops nouveaux des Basses-Pyrénées [Col. Carabidae]
10.5962/bhl.part.16306	10.3406/bsef.1913.25404	0.98	Description d'un Curculionide nouveau de la faune franYaise	Description d'un Curculionide nouveau de la faune française [Col.]
10.5962/bhl.part.16314	10.3406/bsef.1913.25452	0.98	Description de deux Cetonides nouveaux d'Afrique oricntale	Description de deux Cétonides nouveaux d'Afrique Orientale [Col. Scarabeidae]
10.5962/bhl.part.16313	10.3406/bsef.1913.25443	0.98	Genre nouveau et espece nouvelle de Formicides	Genre nouveau et espèce nouvelle de Formicide [Hym.]
10.5962/bhl.part.16844	10.3406/bsef.1898.28598	1	Description d'un nouveau genre sénoculé (Symposia) de la famille des agélénides (Arachn.)	Description d'un nouveau genre sénoculé (Symposia) de la famille des Agélénides [Arachn.]
10.5962/bhl.part.16845	10.3406/bsef.1898.22159	1	Description de deux nouveaux Torymides	Description de deux nouveaux Torymides [Hymen.]
10.5962/bhl.part.16852	10.3406/bsef.1898.22206	1	Sur l'organisation du Peripatus tholloni Bouv	Sur l'organisation du Peripatus Tholloni Bouv. [Onych.]
10.5962/bhl.part.16849	10.3406/bsef.1898.22188	1	Note sur quelques alphéidés nouveaux de la collection du British Museum (Crust)	Note sur quelques Alphéidés nouveaux de la collection du British Museum [Crust.] (fig.)
10.5962/bhl.part.16851	10.3406/bsef.1898.22204	1	Description d'un nouveau genre et d'une nouvelle espece de Sciaride (Dipt	Description d'un nouveau genre et d'une nouvelle espèce de Sciaride [Dipt.]
10.5962/bhl.part.16846	10.3406/bsef.1898.22164	1	Description d'un nouveau genre d'arachnides de la famille des Lycosides	Description d'un nouveau genre d'Arachnides de la famille des Lycosides
10.5962/bhl.part.16853	10.3406/bsef.1898.28654	1	Observation sur les moeurs de Mantispa styriaca Poda [Nevr.]	Observation sur les mœurs de Mantispa styriaca Poda [Névr.]
10.5962/bhl.part.16848	10.3406/bsef.1898.22179	1	Note sur quelques alphéidés nouveaux de la collection du British Museum (Crust)	Note sur quelques Alphéidés nouveaux de la collection du British Museum [Crust.]
10.5962/bhl.part.16847	10.3406/bsef.1898.22166	1	Note sur quelques formes nouvelles d'alphéidés voisines de A. Bouvieri A. Milne Edwards (Crustacea)	Note sur quelques formes nouvelles d'Alphéidés voisines de A. Bouvieri A. M.-Edwards [Crust.]
10.5962/bhl.part.16850	10.3406/bsef.1898.22190	1	Descriptions de deux espèces nouvelles de Némoptères du genre Croce McLach. [Névr.]	Descriptions de deux espèces nouvelles de Némoptères du genre Croce Mc Lach. [Névr.]
10.5962/bhl.part.17839	10.3406/bsef.1901.22802	1	Description d'une espèce nouvelle du genre Micrathena (Arachn.)	Description d'une espèce nouvelle du genre Micrathena [Arachn.]
10.5962/bhl.part.17838	10.3406/bsef.1901.22779	0.99	A propos des Onychophores du Cap désignés sur les noms de Peripatus capensis Grube et de P. brevis Blainville	A propos des Onychophores du Cap, désignés sous les noms de Peripatus capensis Grube et de P. brevis Blainville
10.5962/bhl.part.17841	10.3406/bsef.1901.22897	0.95	Sur un Thrips (Physopus rubrocincta nov. sp.) nuisable au Cacaoyer	Sur un Thrips (Physopus rubrocincta n. sp.) nuisible au cacaoyer. (Thys.)
10.5962/bhl.part.17840	10.3406/bsef.1901.22881	0.99	Note sur les arachnides capturés par M. Mazauric dans la grotte de Trabuc (Garde)	Note sur des Arachnides capturés par M. Mazauric dans la grotte de Trabuc (Gard)
10.5962/bhl.part.19234	10.3406/bsef.1902.23086	1	Note sur le genre Caerostris	Note sur le genre Caerostris [Arachn.]
10.5962/bhl.part.19231	10.3406/bsef.1902.23048	1	Sur les organes sexuels des Peripatus	Sur les organes sexuels des Peripatus
10.5962/bhl.part.19233	10.3406/bsef.1902.23067	1	Description sommaire de quelques Bolbocerini	Descriptions sommaires de quelques Bolbocerini [Col.]
10.5962/bhl.part.19230	10.3406/bsef.1902.23001	1	Note sur le genre Hemichionaspis [Coccid.] et description d'une espèce nouvelle	Note sur le genre Hemichionaspis [Coccid.] et description d'une espèce nouvelle
10.5962/bhl.part.19232	10.3406/bsef.1902.23050	1	Descriptions de quatre espèces nouvelles du genre Agrypnus	Descriptions de quatre espèces nouvelles du genre Agrypnus [Col.]
10.5962/bhl.part.19235	10.3406/bsef.1902.23111	1	Un Péripate de Costa Rica	Un Péripate de Costa-Rica
10.5962/bhl.part.19239	10.3406/bsef.1902.23135	1	Description d'une espece nouvelle d'Hymenoptere terebrant appartenant au genre Bracon	Description d'une espèce nouvelle d'Hyménoptère térébrant appartenant au genre Bracon
10.5962/bhl.part.19237	10.3406/bsef.1902.23112	1	Descriptions de quelques arachnides nouveaux de la section des cribellatés	Descriptions de quelques Arachnides nouveaux de la section des Cribellatés
10.5962/bhl.part.19238	10.3406/bsef.1902.23123	1	Peripatus biolleyi, Onychophore nouveau de Costa Rica	Peripatus Biolleyi, Onychophore nouveau de Costa-Rica
10.5962/bhl.part.19240	10.3406/bsef.1917.26049	1	Questions de nomenclature et synonymies relatives à quelques genres et espèces de Formicides (Hym.)	Questions de nomenclature et synonymies relatives à quelques genres et espèces de Formicides (Hym.]
10.5962/bhl.part.19241	10.3406/bsef.1917.26144	1	Holométaboliques du houiller	Holométaboliques du Houiller [Ins. foss.)
10.5962/bhl.part.19245	10.3406/bsef.1917.26192	0.99	Description d'une nouvelle espèce d'Hysteroptorum (Hém. Issidae) des hauts plateaux constantinois (Algérie)	Description d'une nouvelle espèce d'Hysteropterum des hauts plateaux constantinois (Algérie)
10.5962/bhl.part.19243	10.3406/bsef.1917.26177	0.99	Description d'une nouvelle espèce d'Hysteroptorum (Hém. Issidae) de la province d'Oran (Algérie)	Description d'une nouvelle espèce d'Hysteropterum [Hem. Issidae] de la province d'Oran (Algérie)
10.5962/bhl.part.19244	10.3406/bsef.1917.26182	1	Araignée nouvelle d'Australie (Arachn. Psechridae)	Araignée nouvelle d'Australie [Arachn. Psechridae]
10.5962/bhl.part.19242	10.3406/bsef.1917.26164	1	Description d'un nouveau genre et d'une nouvelle espèce d'Issidae des hauts plateaux algériens	Description d'un nouveau genre et d'une nouvelle espèce d'Issidae [Hem. Homoptera] des hauts plateaux algériens
10.5962/bhl.part.21827	10.3406/bsef.1904.23456	0.97	Descriptions des nouveaux Sphingides	Descriptions de nouveaux Sphingides [Lép.]
10.5962/bhl.part.21828	10.3406/bsef.1904.23462	1	Deux nouvelles especes de Thrombidium de France	Deux nouvelles espèces de Thrombidium de France [Acariens]
10.5962/bhl.part.21829	10.3406/bsef.1904.23531	0.94	Sur l'Agromyza simplex H. Loew parasite d'Asperge (Diptera)	Sur l'Agromyza simplex H. Loew parasite de l’Asperge [Dipt.]
10.5962/bhl.part.21830	10.3406/bsef.1904.23541	1	Sur les organes génitaux mâles du Peripatus tholloni Bouv. [Onych.]	Sur les organes génitaux mâles du Peripatus Tholloni Bouv. [Onych.]
10.5962/bhl.part.21831	10.3406/bsef.1904.23597	1	Ichneumoniens d'Espagne et des Canaries (Hymen.)	Ichneumoniens d’Espagne et des Canaries [Hymen. ]
10.5962/bhl.part.22258	10.3406/bsef.1906.23889	1	Description d'une espèce et d'une variété nouvelles de Forficules de Russie (Orth.)	Description d’une espèce et d’une variété nouvelles de Forficules de Russie [Orth.]
10.5962/bhl.part.22257	10.3406/bsef.1906.23856	1	Description d'un Arachnide cavernicole du Tonkin	Description d’un Arachnide cavernicole du Tonkin
10.5962/bhl.part.22261	10.3406/bsef.1906.23966	1	Nitidulides nouveaux du British Museum (Col.)	Nitidulides nouveaux du British Museum [Col.]
10.5962/bhl.part.22260	10.3406/bsef.1906.23932	1	Les espèces de |Polistomorpha| Westw	Les espèces de Polistomorpha Westw. [Hymen.]
10.5962/bhl.part.22262	10.3406/bsef.1906.23994	1	Remarques synonymiques (Col.)	Remarques synonymiques [Col.]
10.5962/bhl.part.22259	10.3406/bsef.1906.23913	0.99	Chasses de M. Carlos Bruch dans l'Argentine. Description d'un nouveau genre et d'une nouvelle espèce de cérambycides	Chasses de M. Carlos Bruch dans l’Argentine. Description d’un nouveau genre et d’une nouvelle espèce de Cérambycide [Col.]
10.5962/bhl.part.22263		0	Le Peripatus edardsi au Bresil	
10.5962/bhl.part.22265	10.3406/bsef.1906.24018	1	Sur quelques Hemipteres nuisibles de Cochinchine	Sur quelques Hémiptères nuisibles de Cochinchine
10.5962/bhl.part.22264	10.3406/bsef.1906.24004	1	Note sur deux lamiaires américains placés avec doute dans le genre Eudesmus et description de deux genres nouveaux (Col.)	Note sur deux Lamiaires américains placés avec doute dans le genre Eudesmus et description de deux genres nouveaux [Col.]
10.5962/bhl.part.24164	10.3406/bsef.1916.25861	1	Description d'un nouveau genre de Coleopteres phytophages de Madagascar	Description d'un nouveau genre de Coléoptères Phytophages de Madagascar
10.5962/bhl.part.24167	10.3406/bsef.1916.25871	1	Deux nouveaux Ceutorrhynchini	Deux nouveaux Ceuthorrhynchini [Col. Curculionidae]
10.5962/bhl.part.24166	10.3406/bsef.1916.25870	1	Description d'un Circopes des iles Philippines	Description d'un Circopes des îles Philippines [Col. Nitidulidae]
10.5962/bhl.part.24171	10.3406/bsef.1916.25890	1	Deux braconides nouveaux de l'Afrique occidentale (Hym.)	Deux Braconides nouveaux de l'Afrique occidentale [Hym.]
10.5962/bhl.part.24168	10.3406/bsef.1916.25879	0.98	Descriptions de deux Telephanus de la Jamaique	Description de deux Telephanus de la Jamaïque [Col. Cucujidae]
10.5962/bhl.part.24169	10.3406/bsef.1916.25880	1	Descriptions de trois nouveaux Scaphidium d’Australie (Col. Scaphidiidae)	Descriptions de trois nouveaux Scaphidium d'Australie [Col. Scaphidiidae]
10.5962/bhl.part.24170	10.3406/bsef.1916.25889	1	Description d'un Mayetia nouveau	Description d'un Mayetia nouveau [Col. Staphylinidae]
10.5962/bhl.part.24173	10.3406/bsef.1916.25917	0.99	Contributions a l'etude des Carabiques d'Afrique et de Madagascar.- X. Revision du sous-genre Mecochlaenius Maindron et description d'un nouveau sous-genre de Chlaenius	Contributions à l'étude des Carabiques d'Afrique et de Madagascar [Col.]. X : Révision du sous-genre Mecochlaenius Maindron et description d'un nouveau sous-genre de Chléniens
10.5962/bhl.part.24177	10.3406/bsef.1916.25936	0.99	Contributions a l'etude des Carabiques d'Afrique et de Madagascar.- xi. Description de quatre especes et d'une race nouvelles de l'Afrique tropicale	Contributions à l'étude des Carabiques d'Afrique et de Madagascar [Col.]. XI : Descriptions de quatre espèces et d'une race nouvelle, de l'Afrique tropicale
10.5962/bhl.part.24172	10.3406/bsef.1916.25910	0.96	Deux Coleopterea nouveaux de la faune franYaise	Deux Coléoptères nouveaux de la faune française
10.5962/bhl.part.24178	10.3406/bsef.1916.25938	1	Phytophages nouveaux	Phytophages nouveaux [Col. Megalopidae et Crioceridae]
10.5962/bhl.part.24179	10.3406/bsef.1916.25945	0.98	Description d'un Orphinium nouveau et tableau des especes du genre	Description d'un Orphinium Lew. [Col. Histeridae] nouveau et tableau des espèces de ce genre
10.5962/bhl.part.24174	10.3406/bsef.1916.25921	1	Note sur une acrocecidie du Thymus vulgaris L. et description d'un nouvel Eriophyide thymicole	Note sur une acrocécidie du Thymus vulgaris L. et description d'un nouvel Ériophyide [Acar.] thymicole
10.5962/bhl.part.24176	10.3406/bsef.1916.25931	1	Deux nouvelles fourmis d'Australie	Deux nouvelles fourmis d'Australie
10.5962/bhl.part.24175	10.3406/bsef.1916.25925	1	Diagnoses de Ceutorrhynchini recueillis par MM. Alluaud et Jeannel dans l'Afrique orientale	Diagnoses de Ceuthorrhynchini [Col. Curculionidae] recueillis par MM. Alluaud et Jeannel dans l'Afrique Orientale
10.5962/bhl.part.24184	10.3406/bsef.1916.25973	1	Rectifications à laomol nomenclature de quelques formicides [Hym.]	Rectifications à la nomenclature de quelques Formicides [Hym.]
10.5962/bhl.part.24183	10.3406/bsef.1916.25970	1	Trois Prioninae nouveaux [Col. Cerambycidae]	Trois Prioninae nouveaux [Col. Cerambycidae]
10.5962/bhl.part.24186	10.3406/bsef.1916.25976	1	Formes nouvelles de Chrysopides [Nevr.] et captures récentes	Formes nouvelles de Chrysopides [Nevr.] et captures récentes
10.5962/bhl.part.24185	10.3406/bsef.1916.25975	1	Lépidoptères et Névroptères recueillis par le Dr. Landrieu à l'île de Lesbos (Mytilène)	Lépidoptères et Névroptères recueillis par le Dr Landrieu à l'île de Lesbos (Mytilène)
10.5962/bhl.part.24180	10.3406/bsef.1916.25946	1	Description d'un Hyphydrus nouveau d'Abyssinie	Description d'un Hyphydrus nouveau d'Abyssinie [Col. Dytiscidae]
10.5962/bhl.part.24181	10.3406/bsef.1916.25947	1	Nouvel Eriophyes parasite des Euphorbes	Nouvel Eriophyes [Acar.] parasite des Euphorbes
10.5962/bhl.part.24182	10.3406/bsef.1916.25952	1	Descriptions de plusiers espèces d'arachnides récemment découvertes en France. (Troisième note)	Descriptions de plusieurs espèces d'Arachnides récemment découvertes en France [troisième note]
10.5962/bhl.part.24165	10.3406/bsef.1916.25863	0.98	Description d'un nouveau Formicide de l'Afrique occidentale	Description d'an nouveau Formicide [Hym.] de l'Afrique occidentale
10.5962/bhl.part.26098	10.3406/bsef.1905.23823	0.9	Description d'un Blothrus nouveau (Arachn.) des grottes des Basses-Alpes	Description d’un Blothrus nouveau des grottes des Basses-Alpes [Arachn.]
10.5962/bhl.part.26097	10.3406/bsef.1905.23791	1	Description d'un Cérambycide nouveau appartenant au genre Coremia et tableau synoptique de ce genre [Col.]	Description d’un Cérambycide nouveau appartenant au genre Coremia [Col.]
10.5962/bhl.part.26096	10.3406/bsef.1905.23755	0.96	Séance du 28 juin 1905. Note sur divers Coléoptères	Notes sur divers Coléoptères
10.5962/bhl.part.26802	10.3406/bsef.1914.25472	0.89	Description d'un Coleoptere nouveau d'Algerie, appartenant au genre Sphodroxia Kraatz	Description d'un Coléoptère nouveau appartenant au genre Sphodroxia Kraatz [Scarabaeidae]
10.5962/bhl.part.26803	10.3406/bsef.1914.25475	1	Trois nouveaux Bethylides	Trois nouveaux Béthylides [Hym.]
10.5962/bhl.part.26811	10.3406/bsef.1914.25590	1	Descriptions de nouveaux Calliphorinae africains (Dipt.)	Descriptions de nouveaux Calliphorinae africains [Dipt.]
10.5962/bhl.part.26808	10.3406/bsef.1914.25538	1	Description d'especes africaines nouvelles du genre Chrysomyia Rob.-Desv. (Dipt.)	Descriptions d'espèces africaines nouvelles du genre Chrysomyia Rob.-Desv. [Dipt.]
10.5962/bhl.part.26805	10.3406/bsef.1914.25496	1	Description d'un Neolucanus nouveau de Birmanie	Description d'un Neolucanus nouveau de Birmanie [Col. Lucanidae]
10.5962/bhl.part.26806	10.3406/bsef.1914.25502	1	Syrphides nouveaux des colonies francaises (2enote) (Dipt.)	Syrphides nouveaux des Colonies françaises (2e note) [Dipt.]
10.5962/bhl.part.26804	10.3406/bsef.1914.25476	1	Description de deux especes nouvelles. d'AEgeriidae	Description de deux espèces nouvelles d'Aegeriidae [Lep.]
10.5962/bhl.part.26807	10.3406/bsef.1914.25513	1	Description d'un Psechrus nouveau de Chine	Description d'un Psechrus nouveau de Chine [Araneae Cribellatae]
10.5962/bhl.part.26813	10.3406/bsef.1914.25664	1	Descriptions de plusiers espèces d'arachnides récemment découvertes en France	Descriptions de plusieurs espèces d'Arachnides récemment découvertes en France
10.5962/bhl.part.26809	10.3406/bsef.1914.25567	1	Liste d'especes africaines du genre Bengalia Rob.-Desv. (dipt.)	Liste d'espèces africaines du genre Bengalia Rob.-Desv. [Dipt.]
10.5962/bhl.part.26812	10.3406/bsef.1914.25638	0.98	Sur les appareils copulateurs de Dolerus gonager F et de Dolerus nigratus MUII [Hym Tenthredinidae]	Sur les appareils copulateurs de Dolerus gonager F. et de Dolerus nigratus Müll. [Hym. Tenthredinidae]
10.5962/bhl.part.26810	10.3406/bsef.1914.25570	1	L'appareil copulateur de Tenthredella temula Scop	L'appareil copulateur de Tenthredella temula Scop. [Hym.]
10.5962/bhl.part.29070	10.3406/bsef.1896.21892	1	Note sur un nouvel alpheidé, Betaeus jousseaumei	Note sur un nouvel Alpheïdé, Betaeus Jousseaumei [Crust.]
10.5962/bhl.part.29068	10.3406/bsef.1896.28512	1	Sur les fourmis du genre Macromischa Rog. [Hym.]	Sur les Fourmis du genre Macromischa Rog. [Hym.]
10.5962/bhl.part.29069	10.3406/bsef.1896.21891	1	Sur la famille des Chirostylidae, Ortmann, et sur la classification des Galatheidea [Crust.]	Sur la famille des Chirostylidae Ortmann, et la classification des Galatheidea [Crust.]
10.5962/bhl.part.29071	10.3406/bsef.1896.21931	1	Observations sur les Diplosis, et diagnoses de cinq espèces nouvelles (Dipt.)	Observations sur les Diplosis et diagnoses de cinq espèces nouvelles [Dipt.]
10.5962/bhl.part.29500	10.3406/bsef.1897.21997	1	Éclaircissements sur le genre Scrapter et description d'une espèce nouvelle de Dufourea (Hymén.)	Éclaircissements sur le genre Scrapter et description d'une espèce nouvelle de Dufourea [Hymén.]
10.5962/bhl.part.29503	10.3406/bsef.1897.22062	0.98	Description d'un Longicorne nouveau de genre Hebestola [Col.]	Description d'un Longicorne nouveau du genre Hebestola [Col.]
10.5962/bhl.part.29501	10.3406/bsef.1897.22001	1	Description de six coléoptères de l'Îsle Ishigaki-Sima	Description de six Coléoptères de l'île Ishigaki-Sima
10.5962/bhl.part.29502	10.3406/bsef.1897.22048	1	Deux Iulides nouveaux de la région méditerranéene	Deux Iulides nouveaux de la région méditerranéenne [Myriap.]
10.5962/bhl.part.29505	10.3406/bsef.1897.22102	0.95	Sur genre nouveau d'Hémiptère de la tribu des Scutellerinae [Solenotichus]	Sur un genre nouveau d'Hémiptère de la tribu des Scutellerinae
10.5962/bhl.part.29504	10.3406/bsef.1897.22095	1	Supplement aux Ichneumonides d'Europe	Supplément aux Ichneumonides d'Europe [Hymén.]
10.5962/bhl.part.29615	10.3406/bsef.1919.26380	1	Nervulations anormales de quelques Dipteres Tipuliformes (2e note)	Nervulations anormales de quelques Diptères Tipuliformes (2e note)
10.5962/bhl.part.29616	10.3406/bsef.1919.26381	1	Sur un Ichneumonide (Sycophrurus hesperophanis, n. g. et sp.) parasite de l'Hesperophanes griseus F. dans les branches de Figuier	Sur un Ichneumonide (Sycophrurus hesperophanis, n. g. et sp.) parasite de l'Hesperophanes griseus F. dans les branches de Figuier
10.5962/bhl.part.29614	10.3406/bsef.1919.26374	1	Sur le genre Tranopelta et sur le type du genre Cremastogaster (Hym. Formicidae)	Sur le genre Tranopelta et sur le type du genre Cremastogaster [Hym. Formicidae]
10.5962/bhl.part.29621	10.3406/bsef.1919.26487	0.99	Description d'une nouvelle espèce d'Hysteroptorum (Hém. Issidae) du Maroc Oriental	Description d'une nouvelle espèce d'Hysteropterum [Hem. Issidae] du Maroc oriental
10.5962/bhl.part.29622	10.3406/bsef.1919.26498	1	Description d'un Apanteles (Hym. Braconidae) parasite de Pionea forficalis (Lep. Pyralidae)	Description d'un Apanteles [Hym. Braconidae] parasite de Pionea forficalis [Lep. Pyralidae]
10.5962/bhl.part.29620	10.3406/bsef.1919.26486	1	Descriptions de deux Pachyrhina nouveaux, de France (Dipt. Tipulidae)	Descriptions de deux Pachyrhina nouveaux, de France [Dipt. Tipulidae]
10.5962/bhl.part.29617	10.3406/bsef.1919.26397	1	Deux Chrysopides nouveaux de la Guadeloupe [Nevr.]	Deux Chrysopides nouveaux de la Guadeloupe [Nevr.]
10.5962/bhl.part.29619	10.3406/bsef.1919.26437	1	Observations sur les Chironomides [Dipt.] décrits par J.R. Malloch	Observations sur les Chironomides [Dipt.] décrits par J. R. Malloch
10.5962/bhl.part.29618	10.3406/bsef.1919.26419	1	Diagnoses d'espèces nouvelles d'Orthoptères	Diagnoses d'espèces nouvelles d'Orthoptères
10.5962/bhl.part.29624	10.3406/bsef.1919.26518	1	Diagnoses préliminaires d'araignées d'Afrique orientale. Voyage de Ch. Alluaud et R. Jeannel (1re note)	Diagnoses préliminaires d'Araignées d'Afrique Orientale. Voyage de Ch. Alluaud et R. Jeannel (1re note)
10.5962/bhl.part.29623	10.3406/bsef.1919.26508	0.97	Un nouveaux genre de chironomide (Dipt.)	Un nouveau genre de Chironomides [Dipt.]

